,ID,From,Date,Subject,Label
0,b'23291',TheaterMania <tminsider@theatermania.com>,"Thu, 26 Oct 2017 19:04:48",broadwayhd makes deal with amazon and ''the prince of egypt''   releases new footage,1.0
1,b'22949',"""KAYAK"" <news@kayak.com>","Thu, 19 Oct 2017 15:41:03",you + blue waters + luxury bungalows = the best vacation ever.,1.0
2,b'22657',Reserve <reservations@e.reserve.com>,"Thu, 12 Oct 2017 17:57:15",grab a table at the best restaurants in chicago on reserve,1.0
3,b'22379',"""LIDS"" <email@et.lids.com>","Fri, 06 Oct 2017 16:05:07",best. jerseys. ever.,1.0
4,b'22250',"""Forever 21"" <forever21@news.forever21.com>","Wed, 04 Oct 2017 07:34:24",#1 best sellers,1.0
5,b'22202',"""Timberland.com"" <timberland@e.timberland.com>","Tue, 03 Oct 2017 09:06:11",best excuse ever\,1.0
6,b'22644',"""Target"" <targetnews@em.target.com>","Thu, 12 Oct 2017 13:37:39",clearance.,1.0
7,b'22367',"""Crate and Barrel"" <crateandbarrel@mail.crateandbarrel.com>","Fri, 06 Oct 2017 11:44:53",one word: clearance.,1.0
8,b'22407',"""Kiehl's Since 1851"" <kiehls@mail.kiehls-usa.com>","Sat, 07 Oct 2017 10:20:31",a hydration collection for all skin types,1.0
9,b'22364',"""Kiehl's Since 1851"" <kiehls@mail.kiehls-usa.com>","Fri, 06 Oct 2017 10:22:17",a hydration collection all skincare users need,1.0
10,b'22168',"""LIDS"" <email@et.lids.com>","Mon, 02 Oct 2017 10:47:47",ÂºÃ° the 2017 nfl salute to service collectionÂºÃ°,1.0
11,b'22916',"""KAYAK"" <news@kayak.com>","Thu, 19 Oct 2017 01:58:53",punta cana w/air fr $675 | ireland w/air fr $799 | maui hotel deal fr $189,1.0
12,b'22895',"""Target"" <targetnews@em.target.com>","Wed, 18 Oct 2017 12:34:45",double up with this denim deal.,1.0
13,b'22738',"""CheapOair Weekly Deals"" <CheapOair@myCheapOair.com>","Sat, 14 Oct 2017 17:05:38",major announcement! october flight deals from los angeles!,1.0
14,b'22554',"""KAYAK"" <news@kayak.com>","Tue, 10 Oct 2017 19:25:42",bored with work? people love these travel deals.,1.0
15,b'22400',"""katespade.com"" <katespade@em.katespade.com>","Sat, 07 Oct 2017 08:26:37",sweet deal: a dress for $168,1.0
16,b'22223',"""KAYAK"" <news@kayak.com>","Tue, 03 Oct 2017 16:49:34","going fast: the top ord destinations, staycations, private deals, more",1.0
17,b'23181',"""KAYAK"" <news@kayak.com>","Tue, 24 Oct 2017 21:38:50","just the best deals, right now",1.0
18,b'23171',"""Yipit's Best"" <e@yipit.com>","Tue, 24 Oct 2017 14:09:49",today's top travel: myrtle beach fall hotel deals,1.0
19,b'23212',"""Amazon.com"" <store-news@amazon.com>","Wed, 25 Oct 2017 15:38:00",prime exclusive: introducing amazon key,1.0
20,b'22563',LANEIGE <support@us.laneige.com>,"Wed, 11 Oct 2017 06:16:40",columbus day exclusive extended!,1.0
21,b'22521',"""H&M Fashion News"" <no-reply@hm.com>","Tue, 10 Oct 2017 08:51:14",online exclusive: premium essentials collection,1.0
22,b'23053',"""L'Occitane en Provence"" <contact@contact.loccitane.com>","Sun, 22 Oct 2017 05:42:20",exclusive preview: the holiday 2017 collection has arrived!,1.0
23,b'22605',"""Clinique Online"" <clinique@e.clinique.com>","Wed, 11 Oct 2017 20:13:24",smart rewards exclusive: 2x points!,1.0
24,b'23041',"""BroadwayBox Alerts"" <alerts@broadwaybox.com> ","Sat, 21 Oct 2017 11:51:21",it finally feels like fall so cozy up with this week's broadway scoop!,1.0
25,b'23018',"""L'Occitane en Provence"" <contact@contact.loccitane.com>","Sat, 21 Oct 2017 05:25:35",your guide to glowing skin has arrived + free fall essentials ,1.0
26,b'23001',"""Clinique Online"" <clinique@e.clinique.com>","Fri, 20 Oct 2017 13:20:03","mark your calendar! 7 fabulous pieces, all free.",1.0
27,b'22973',"""Mariano's"" <Marianos@email-marianos.com>","Fri, 20 Oct 2017 06:05:02","free friday download: get your idahoan soups & tuttorosso tomatoes - friday, october 20",1.0
28,b'22902',"""Chase"" <Chase@e.chase.com>","Wed, 18 Oct 2017 16:51:30","yi, earn a $150 bonus with the chase freedom unlimitedÃ¢Â® card",1.0
29,b'22720',"""PayPal"" <paypal@mail.paypal.com>","Sat, 14 Oct 2017 07:58:05",enjoy 45 days of a free hulu trial.,1.0
30,b'22670',"""L'Occitane en Provence"" <contact@contact.loccitane.com>","Fri, 13 Oct 2017 05:53:03",you\re in luck \ free shea butter soaps are here!,1.0
31,b'22737',"""L'Occitane en Provence"" <contact@contact.loccitane.com>","Sat, 14 Oct 2017 16:08:42",ends tomorrow! 2 free soaps & hand cream delights,1.0
32,b'22714',"""L'Occitane en Provence"" <contact@contact.loccitane.com>","Sat, 14 Oct 2017 05:39:22",free soaps for an irresistibly scented weekend!,1.0
33,b'22695',"""Amazon.com"" <vfe-campaign-response@amazon.com>","Fri, 13 Oct 2017 12:14:11",exotic meat bbq gift box - 5...,1.0
34,b'22525',"""Kiehl's Since 1851"" <kiehls@mail.kiehls-usa.com>","Tue, 10 Oct 2017 10:37:00",healthy skin at a value with kate moross premium gift sets,1.0
35,b'23090',"""Clinique Online"" <clinique@e.clinique.com>","Mon, 23 Oct 2017 05:08:18",7-pc. gift + free surprises. a $146.50 value.,1.0
36,b'22789',SHEIN <mollymail@shein.com>,"Mon, 16 Oct 2017 06:08:05",it's our birthday! & we have a free gift for you...,1.0
37,b'22583',"""Target"" <targetnews@em.target.com>","Wed, 11 Oct 2017 11:24:11",boo! free gift card with halloween costumes & decor.,1.0
38,b'22432',"""L'Occitane en Provence"" <contact@contact.loccitane.com>","Sun, 08 Oct 2017 05:24:59",ends tomorrow - you deserve this free gift!,1.0
39,b'23243',"""L'Occitane en Provence"" <contact@contact.loccitane.com>","Thu, 26 Oct 2017 05:37:42",the holiday edit: shop the perfect gifts + one for you!,1.0
40,b'22140',"""Clinique Online"" <clinique@e.clinique.com>","Sun, 01 Oct 2017 17:04:53",just arrived: holiday gift sets and more pretty things.,1.0
41,b'23091',"""L'Occitane en Provence"" <contact@contact.loccitane.com>","Mon, 23 Oct 2017 05:22:16", shop it first! holiday gifting starts now,1.0
42,b'22828',SHEIN <mollymail@shein.com>,"Tue, 17 Oct 2017 05:36:32",one day left! 9th anniversary sale: ready for free gifts?,1.0
43,b'22800',FOREO <newsletter@foreo.com>,"Mon, 16 Oct 2017 09:12:16",issa\s got a brand new price \ and complimentary gift!,1.0
44,b'23138',"""L'Occitane en Provence"" <contact@contact.loccitane.com>","Tue, 24 Oct 2017 05:04:00",new at l'occitane: holiday gifts you won\t want to miss!,1.0
45,b'23015',"""Clinique Online"" <clinique@e.clinique.com>","Fri, 20 Oct 2017 19:23:23",online gift news: look what's coming soon!,1.0
46,b'23056',LANEIGE <support@us.laneige.com>,"Sun, 22 Oct 2017 06:16:40",build your own gift | limited time only!,1.0
47,b'22920',"""L'Occitane en Provence"" <contact@contact.loccitane.com>","Thu, 19 Oct 2017 05:48:01",last day to save | halloween sale + 2 free gifts!,1.0
48,b'22509',"""L'Occitane en Provence"" <contact@contact.loccitane.com>","Tue, 10 Oct 2017 05:21:34",the perfect gift for shea butter lovers! (+free shipping),1.0
49,b'22189',"""L'Occitane en Provence"" <contact@contact.loccitane.com>","Tue, 03 Oct 2017 05:51:30",ends tonight: exclusive gift for him & her!,1.0
50,b'22494',"""L'Occitane en Provence"" <contact@contact.loccitane.com>","Mon, 09 Oct 2017 16:04:33",the fall beauty event ends tonight! get your free gift (worth $59),1.0
51,b'23083',"""KAYAK"" <news@kayak.com>","Sun, 22 Oct 2017 15:15:32",where & when to book holiday travel + a giveaway ,1.0
52,b'23069',"""Kiehl's Since 1851"" <kiehls@mail.kiehls-usa.com>","Sun, 22 Oct 2017 10:30:02",your sneak peek of our exciting holiday partnership is here!,1.0
53,b'23006',"""Yipit's Best"" <e@yipit.com>","Fri, 20 Oct 2017 15:16:26","home chef, holiday cards & invitations from staples, xbox live, tropical getaways",1.0
54,b'22835',EstÂ©e Lauder Online <EsteeLauderOnline@e.esteelauder.com>,"Tue, 17 Oct 2017 08:32:20",introducing katie rodgers for holiday: flirting with fashion,1.0
55,b'22625',"""Express"" <express@e.express.com>","Thu, 12 Oct 2017 09:29:23", extra cash for the holidays + all the holly jollies,1.0
56,b'22175',"""Clinique Online"" <clinique@e.clinique.com>","Mon, 02 Oct 2017 16:06:56",your instant holiday pick-me-up.,1.0
57,b'23189',"""L'Occitane en Provence"" <contact@contact.loccitane.com>","Wed, 25 Oct 2017 06:24:43",it\s here! the holiday collection you\ve been waiting for\,1.0
58,b'22860',EstÂ©e Lauder Online <EsteeLauderOnline@e.esteelauder.com>,"Tue, 17 Oct 2017 13:04:28",holiday starts now!,1.0
59,b'22787',"""L'Occitane en Provence"" <contact@contact.loccitane.com>","Mon, 16 Oct 2017 05:31:52",last chance - nourish skin\Â¦free + blogger most wanted!,1.0
60,b'22659',"""Clinique Online"" <clinique@e.clinique.com>","Thu, 12 Oct 2017 19:11:15",last chance: 2x points.,1.0
61,b'22447',"""NORDSTROM RACK"" <nordstromrack@e.nordstromrack.com>","Sun, 08 Oct 2017 10:07:25",one more day left of clear the rack,1.0
62,b'22183',"""Express"" <express@e.express.com>","Mon, 02 Oct 2017 20:00:25","seriously, only hours left to shop the sale...",1.0
63,b'22906',Samsonite <samsonite@enews.samsonite.com>,"Wed, 18 Oct 2017 18:00:00",only a few hours left! stack + save additional 24% in our 24 hour sale,1.0
64,b'23290',Target Delivery Guest Survey <Target@express.medallia.com>,"Thu, 26 Oct 2017 19:20:58",target delivery guest survey - 2 minutes,1.0
65,b'23269',TheaterMania <tminsider@theatermania.com>,"Thu, 26 Oct 2017 11:01:20",tickets going fast for steppenwolf's the minutes!,1.0
66,b'23163',LANEIGE <support@us.laneige.com>,"Tue, 24 Oct 2017 11:46:40",don't miss out on this piece of luck\,1.0
67,b'22167',"""BroadwayBox Alerts"" <alerts@broadwaybox.com> ","Mon, 02 Oct 2017 10:15:18",don\t miss these movie to musical adaptations!,1.0
68,b'23095',eBay <eBay@reply1.ebay.com>,"Mon, 23 Oct 2017 07:03:57",don\t miss out \ discover ebay deals today,1.0
69,b'22736',"""katespade.com"" <katespade@em.katespade.com>","Sat, 14 Oct 2017 15:17:01",ends tomorrow! don\t miss our friends and family event,1.0
70,b'22777',"""L'Occitane en Provence"" <contact@contact.loccitane.com>","Sun, 15 Oct 2017 16:11:20",final hours! 5 favorites for free \ don\t miss out,1.0
71,b'23247',"""Mariano's"" <Marianos@email-marianos.com>","Thu, 26 Oct 2017 06:06:42",  your mariano's newsletter  spooktacular savings,1.0
72,b'23174',"""NORDSTROM RACK"" <nordstromrack@e.nordstromrack.com>","Tue, 24 Oct 2017 15:02:44",shop new markdowns online & in store,1.0
73,b'23115',EstÂ©e Lauder Online <EsteeLauderOnline@e.esteelauder.com>,"Mon, 23 Oct 2017 12:38:27",new 26 beauty essentials for the price of one. includes 12 full,1.0
74,b'23080',"""Target"" <targetnews@e.target.com>","Sun, 22 Oct 2017 13:00:50",your new weekly ad is here.,1.0
75,b'23049',"""NORDSTROM RACK"" <nordstromrack@e.nordstromrack.com>","Sat, 21 Oct 2017 19:02:29","adidas performance layers under $40, new balance sneakers under $50",1.0
76,b'22945',"""NORDSTROM RACK"" <nordstromrack@e.nordstromrack.com>","Thu, 19 Oct 2017 15:02:29",new arrivals from nordstrom online & in store,1.0
77,b'22924',"""Mariano's"" <Marianos@email-marianos.com>","Thu, 19 Oct 2017 06:06:10",Â®Ã°   your mariano's newsletter Â®Ã°   enjoy a taste of italy,1.0
78,b'22857',"""Patagonia"" <reply@email.patagonia.com>","Tue, 17 Oct 2017 12:15:43",new jackson glacier parka & jacket,1.0
79,b'22818',"""BroadwayBox Alerts"" <alerts@broadwaybox.com> ","Mon, 16 Oct 2017 16:12:35","time and the conways, broadway\s \plush and haunting\ new hit",1.0
80,b'22772',"""Target"" <targetnews@em.target.com>","Sun, 15 Oct 2017 12:48:44",your new weekly ad is here.,1.0
81,b'22764',"""Timberland.com"" <timberland@e.timberland.com>","Sun, 15 Oct 2017 09:03:58",past meets future: the new boots,1.0
82,b'22689',"""Forever 21"" <forever21@news.forever21.com>","Fri, 13 Oct 2017 08:00:58",home is where the new is  ,1.0
83,b'22589',EstÂ©e Lauder Online <EsteeLauderOnline@e.esteelauder.com>,"Wed, 11 Oct 2017 13:02:37",new custom lashes on demand: volume. length. all effects.,1.0
84,b'22580',"""BroadwayBox Alerts"" <alerts@broadwaybox.com> ","Wed, 11 Oct 2017 10:05:18","all seats $45 for uncommon sense, a new play about autism!",1.0
85,b'22536',EstÂ©e Lauder Online <EsteeLauderOnline@e.esteelauder.com>,"Tue, 10 Oct 2017 13:02:46",new technicolor lashes: blue crush. green with envy. purple reigns.,1.0
86,b'22508',EstÂ©e Lauder Online <EsteeLauderOnline@e.esteelauder.com>,"Tue, 10 Oct 2017 04:04:06",new from re-nutriv. luxury. warmth. radiance.,1.0
87,b'22488',"""Airbnb"" <discover@airbnb.com>","Mon, 09 Oct 2017 12:09:08",introducing airbnb experiences in new york,1.0
88,b'22459',"""Target"" <targetnews@em.target.com>","Sun, 08 Oct 2017 18:15:03",your new weekly ad is here.,1.0
89,b'22451',"""Forever 21"" <forever21@news.forever21.com>","Sun, 08 Oct 2017 10:43:44",fall\Â¦is that new?,1.0
90,b'22409',TheaterMania <tminsider@theatermania.com>,"Sat, 07 Oct 2017 10:13:23",new panels announced for broadwaycon!,1.0
91,b'22343',EstÂ©e Lauder Online <EsteeLauderOnline@e.esteelauder.com>,"Fri, 06 Oct 2017 04:05:11",beauty breakthroughs: news from our lab,1.0
92,b'22309',"""LIDS"" <email@et.lids.com>","Thu, 05 Oct 2017 10:26:44", hot. fresh. new. ,1.0
93,b'22290',EstÂ©e Lauder Online <EsteeLauderOnline@e.esteelauder.com>,"Thu, 05 Oct 2017 04:04:47",new. the latest innovation from double wear.,1.0
94,b'22249',"""katespade.com"" <katespade@em.katespade.com>","Wed, 04 Oct 2017 08:28:42",what's new in convertible bags,1.0
95,b'22236',"""L'Occitane en Provence"" <contact@contact.loccitane.com>","Wed, 04 Oct 2017 05:34:06", just in time for fall: discover our new shea butter additions!,1.0
96,b'22160',"""katespade.com"" <katespade@em.katespade.com>","Mon, 02 Oct 2017 08:21:57","new month, new arrivals!",1.0
97,b'23211',For Love & Lemons <info@forloveandlemons.com>,"Wed, 25 Oct 2017 15:14:45",our new holiday collection is here!,1.0
98,b'22961',bitplay Inc. <contact@bitplayinc.com>,"Thu, 19 Oct 2017 21:07:40",[evolution of iphone photography] the brand new snap! 8 is in store now!,1.0
99,b'22193',"""Yipit's Best"" <e@yipit.com>","Tue, 03 Oct 2017 06:33:37",save on a new sam's club membership!,1.0
100,b'22852',Netflix <info@mailer.netflix.com>,"Tue, 17 Oct 2017 11:21:27","yi chen, restart today and see what's new!",1.0
101,b'23176',"""ALDO"" <aldoshoes@e.aldoshoes.com>","Tue, 24 Oct 2017 17:17:02",tried & true picks to wear now and later,1.0
102,b'23156',"""NORDSTROM RACK"" <nordstromrack@e.nordstromrack.com>","Tue, 24 Oct 2017 10:02:33",the boss event starts now!,1.0
103,b'23116',"""Telecharge"" <email@reply.telecharge.com>","Mon, 23 Oct 2017 12:00:00",now open \ experience first-of-its-kind immersive entertainment from national geographic!,1.0
104,b'23108',"""NORDSTROM RACK"" <nordstromrack@e.nordstromrack.com>","Mon, 23 Oct 2017 10:03:28",the toms event starts now!,1.0
105,b'23033',"""Timberland.com"" <timberland@e.timberland.com>","Sat, 21 Oct 2017 09:05:47",flyroam - now for kids!,1.0
106,b'23013',"""ALDO"" <aldoshoes@e.aldoshoes.com>","Fri, 20 Oct 2017 17:17:14",red-hot styles to shop now,1.0
107,b'22935',"""NORDSTROM RACK"" <nordstromrack@e.nordstromrack.com>","Thu, 19 Oct 2017 10:06:20",the j.crew event starts now!,1.0
108,b'22805',"""NORDSTROM RACK"" <nordstromrack@e.nordstromrack.com>","Mon, 16 Oct 2017 10:05:50",the mac cosmetics event starts now!,1.0
109,b'22685',"""NORDSTROM RACK"" <nordstromrack@e.nordstromrack.com>","Fri, 13 Oct 2017 10:06:38",the vince camuto event starts now!,1.0
110,b'22594',"""NORDSTROM RACK"" <nordstromrack@e.nordstromrack.com>","Wed, 11 Oct 2017 15:04:45",now trending: luxe affair,1.0
111,b'22524',"""NORDSTROM RACK"" <nordstromrack@e.nordstromrack.com>","Tue, 10 Oct 2017 10:06:04",the 7 for all mankind event starts now!,1.0
112,b'22310',"""NORDSTROM RACK"" <nordstromrack@e.nordstromrack.com>","Thu, 05 Oct 2017 10:06:08",the tommy bahama event starts now!,1.0
113,b'22257',"""NORDSTROM RACK"" <nordstromrack@e.nordstromrack.com>","Wed, 04 Oct 2017 10:08:58",the trina turk event starts now!,1.0
114,b'22165',"""NORDSTROM RACK"" <nordstromrack@e.nordstromrack.com>","Mon, 02 Oct 2017 10:06:20",the sam edelman event starts now!,1.0
115,b'22154',LANEIGE <support@us.laneige.com>,"Mon, 02 Oct 2017 07:08:49",happening now: fall favorites,1.0
116,b'22263',For Love & Lemons <info@forloveandlemons.com>,"Wed, 04 Oct 2017 12:23:48",knitz are back. shop the fall 2017 collection now. ,1.0
117,b'23267',"""NORDSTROM RACK"" <nordstromrack@e.nordstromrack.com>","Thu, 26 Oct 2017 10:03:23",the bony levy event: up to 50% off,1.0
118,b'23263',"""Forever 21"" <forever21@news.forever21.com>","Thu, 26 Oct 2017 07:53:37",30% off beauty blowout!,1.0
119,b'23251',"""ALDO Email Exclusive"" <aldoshoes@e.aldoshoes.com>","Thu, 26 Oct 2017 06:44:18",get 25% off your order,1.0
120,b'23117',"""Target"" <targetnews@em.target.com>","Mon, 23 Oct 2017 13:16:56","20% off boots. go on, boot up.",1.0
121,b'23072',"""Forever 21"" <forever21@news.forever21.com>","Sun, 22 Oct 2017 09:41:11", kiss up to 75% off goodbye!,1.0
122,b'23065',"""Crate and Barrel"" <crateandbarrel@mail.crateandbarrel.com>","Sun, 22 Oct 2017 08:15:40",it\s stock-up season: 20% off wine & dine.,1.0
123,b'23019',"""H&M Fashion News"" <no-reply@hm.com>","Sat, 21 Oct 2017 06:09:14",24 hrs! key pieces up to 30% off,1.0
124,b'22989',"""NORDSTROM RACK"" <nordstromrack@e.nordstromrack.com>","Fri, 20 Oct 2017 10:03:10",the allsaints event: up to 50% off,1.0
125,b'22970',"""L'Occitane en Provence"" <contact@contact.loccitane.com>","Fri, 20 Oct 2017 05:46:15",extended! up to 50% off - catch it while you can.,1.0
126,b'22962',"""KAYAK"" <news@kayak.com>","Thu, 19 Oct 2017 21:15:22",not your typical offer from qantas Ã¯Â¸,1.0
127,b'22951',"""Express"" <express@e.express.com>","Thu, 19 Oct 2017 16:08:00",buttery-soft. vintage aesthetic. chicago inspired. 25% off.,1.0
128,b'22941',"""Target"" <targetnews@em.target.com>","Thu, 19 Oct 2017 13:16:11","things you love for home, up to 30% off.",1.0
129,b'22932',"""Forever 21"" <forever21@news.forever21.com>","Thu, 19 Oct 2017 08:17:22",up to 75% off\Â¦go!!!,1.0
130,b'22928',"""H&M Fashion News"" <no-reply@hm.com>","Thu, 19 Oct 2017 08:09:31",further markdowns! up to 80% off in-store & online,1.0
131,b'22876',"""L'Occitane en Provence"" <contact@contact.loccitane.com>","Wed, 18 Oct 2017 05:39:18",add to cart! up to 50% off enchanting treats,1.0
132,b'22849',"""NORDSTROM RACK"" <nordstromrack@e.nordstromrack.com>","Tue, 17 Oct 2017 10:04:46",the tumi event: up to 60% off,1.0
133,b'22827',"""philosophy"" <philosophy@email.philosophy.com>","Tue, 17 Oct 2017 03:18:56",25% off skin care! get the skin of your dreams,1.0
134,b'22809',Yipit Chicago <e@yipit.com>,"Mon, 16 Oct 2017 12:52:17",up to 50% off frye and more,1.0
135,b'22765',"""LIDS"" <email@et.lids.com>","Sun, 15 Oct 2017 09:06:21",score big - 30% off sitewide!,1.0
136,b'22763',"""katespade.com"" <katespade@em.katespade.com>","Sun, 15 Oct 2017 08:21:39","shop our most popular styles, all 30% off!",1.0
137,b'22744',"""NORDSTROM RACK"" <nordstromrack@e.nordstromrack.com>","Sat, 14 Oct 2017 19:03:29",wear it your way: the embroidered moto up to 50% off & more for fall,1.0
138,b'22724',"""katespade.com"" <katespade@em.katespade.com>","Sat, 14 Oct 2017 08:25:23",shop our favorites: 30% off everything!,1.0
139,b'22634',"""NORDSTROM RACK"" <nordstromrack@e.nordstromrack.com>","Thu, 12 Oct 2017 10:04:59",the movado event: up to 50% off,1.0
140,b'22633',"""Forever 21"" <forever21@news.forever21.com>","Thu, 12 Oct 2017 07:50:57",extra 40% off your fall wishlist!,1.0
141,b'22604',"""Express"" <express@e.express.com>","Wed, 11 Oct 2017 20:00:00",starts at midnight! 40% off e-v-e-r-y-t-h-i-n-g,1.0
142,b'22581',"""NORDSTROM RACK"" <nordstromrack@e.nordstromrack.com>","Wed, 11 Oct 2017 10:06:26",the vince event: up to 50% off,1.0
143,b'22523',"""Crate and Barrel"" <crateandbarrel@mail.crateandbarrel.com>","Tue, 10 Oct 2017 10:05:39","extended: up to 30% off rugs, lighting and curtains.",1.0
144,b'22506',"""philosophy"" <philosophy@email.philosophy.com>","Tue, 10 Oct 2017 03:15:27",enjoy 25% off! we  our friends and family,1.0
145,b'22502',"""Target"" <targetnews@em.target.com>","Mon, 09 Oct 2017 19:25:46","up to 30% off bed, bath, decor, rugs, lights & more.",1.0
146,b'22445',"""Timberland.com"" <timberland@e.timberland.com>","Sun, 08 Oct 2017 09:03:03",25% off \ even fall items!,1.0
147,b'22420',"""Clinique Online"" <clinique@e.clinique.com>","Sat, 07 Oct 2017 14:06:04",take it off and help support a great cause.,1.0
148,b'22386',"""ALDO"" <aldoshoes@e.aldoshoes.com>","Fri, 06 Oct 2017 17:20:52",halloween picks: all dressed up & everywhere to go + up to 50% off,1.0
149,b'22356',"""Forever 21"" <forever21@news.forever21.com>","Fri, 06 Oct 2017 07:20:20","21% off, because we\re fam..",1.0
150,b'22340',"""NORDSTROM RACK"" <nordstromrack@e.nordstromrack.com>","Fri, 06 Oct 2017 02:07:18",up to 75% off is back with clear the rack,1.0
151,b'22281',"""Express"" <express@e.express.com>","Wed, 04 Oct 2017 19:54:07",starts at midnight! 40% off e-v-e-r-y-t-h-i-n-g,1.0
152,b'22260',"""NORDSTROM RACK"" <nordstromrack@e.nordstromrack.com>","Wed, 04 Oct 2017 10:09:57",cozy up! ugg boots up to 35% off,1.0
153,b'22245',"""H&M Fashion News"" <no-reply@hm.com>","Wed, 04 Oct 2017 07:40:20",your next outfit is up to 60% off,1.0
154,b'22242',SHEIN <mollymail@shein.com>,"Wed, 04 Oct 2017 07:20:30",limited time: bogo 99% off + all 70% off,1.0
155,b'22156',"""PayPal"" <paypal@mail.paypal.com>","Mon, 02 Oct 2017 07:38:31",get $50 off $300+ at hotels.com,1.0
156,b'22405',"""Calvin Klein Outlet Stores"" <calvinklein@email.calvinklein.com>","Sat, 07 Oct 2017 09:30:21",warm up with the season\s best savings: up to 70% off + extra 20% off for preferred,1.0
157,b'22456',"""Express"" <express@e.express.com>","Sun, 08 Oct 2017 15:15:35","extra 50% off clearance! (yes, we're serious)",1.0
158,b'22900',"""L'Occitane en Provence"" <contact@contact.loccitane.com>","Wed, 18 Oct 2017 16:03:12",ends tomorrow! $15 beauty steals + up to 50% off,1.0
159,b'22655',"""ALDO"" <aldoshoes@e.aldoshoes.com>","Thu, 12 Oct 2017 17:20:02",patent (in all its glossy glory) + up to 50% off ends sunday,1.0
160,b'22443',"""Crate and Barrel"" <crateandbarrel@mail.crateandbarrel.com>","Sun, 08 Oct 2017 08:13:20","ends tomorrow: up to 30% off rugs, lighting and curtains.",1.0
161,b'22799',"""Crate and Barrel"" <crateandbarrel@mail.crateandbarrel.com>","Mon, 16 Oct 2017 09:09:22",your exclusive 15% off ends today.,1.0
162,b'22776',"""katespade.com"" <katespade@em.katespade.com>","Sun, 15 Oct 2017 15:19:07",final hours! 30% off everything,1.0
163,b'22587',"""Ticketmaster"" <newsletter@email.ticketmaster.com>","Wed, 11 Oct 2017 12:21:14",\ basketball fans - tip off is finally here!,1.0
164,b'22504',"""Express"" <express@e.express.com>","Mon, 09 Oct 2017 19:53:47",final hours: 40% off everything,1.0
165,b'22495',"""Forever 21"" <forever21@news.forever21.com>","Mon, 09 Oct 2017 16:09:37", final hours: 21% off! ,1.0
166,b'23009',"""L'Occitane en Provence"" <contact@contact.loccitane.com>","Fri, 20 Oct 2017 16:17:37",ends midnight: up to 50% off + free treats!,1.0
167,b'23159',"""PayPal"" <paypal@mail.paypal.com>","Tue, 24 Oct 2017 11:15:35",Â»Ã° get $5 off a $50 domino's gift card for halloween,1.0
168,b'22773',"""Forever 21"" <forever21@news.forever21.com>","Sun, 15 Oct 2017 10:47:22",last day\: extra 40% off,1.0
169,b'22592',"""philosophy"" <philosophy@email.philosophy.com>","Wed, 11 Oct 2017 15:03:42", 25% off! last friends & family event of the year,1.0
170,b'22566',"""Express"" <express@e.express.com>","Wed, 11 Oct 2017 07:01:05",last chance: 40% off all sweaters & jeans + $15 off $50!,1.0
171,b'22487',"""Forever 21"" <forever21@news.forever21.com>","Mon, 09 Oct 2017 09:21:13", last call: 21% off! ,1.0
172,b'22486',"""NORDSTROM RACK"" <nordstromrack@e.nordstromrack.com>","Mon, 09 Oct 2017 10:07:46",last day for up to 75% off,1.0
173,b'22464',"""L'Occitane en Provence"" <contact@contact.loccitane.com>","Mon, 09 Oct 2017 05:27:31",last day - celebrate your day off with this,1.0
174,b'22462',"""philosophy"" <philosophy@email.philosophy.com>","Mon, 09 Oct 2017 03:14:52",25% off! last friends & family event of the year,1.0
175,b'22823',"""Express"" <express@e.express.com>","Mon, 16 Oct 2017 20:10:36",one last chance: 40% off everything ends soon!,1.0
176,b'22428',"""Target"" <targetnews@em.target.com>","Sat, 07 Oct 2017 18:49:04",want up to 30% off furniture? today's the last day.,1.0
177,b'22600',"""Timberland.com"" <timberland@e.timberland.com>","Wed, 11 Oct 2017 19:04:26",25% off only hours left!,1.0
178,b'22574',"""Timberland.com"" <timberland@e.timberland.com>","Wed, 11 Oct 2017 09:06:06",25% off only hours left!,1.0
179,b'23237',"""philosophy"" <philosophy@email.philosophy.com>","Thu, 26 Oct 2017 03:08:20"," up to 30% off, don't miss out!",1.0
180,b'23192',"""Calvin Klein Outlet Stores"" <calvinklein@email.calvinklein.com>","Wed, 25 Oct 2017 07:11:13",don't miss out: starting at 40% off packable down puffers,1.0
181,b'22647',"""philosophy"" <philosophy@email.philosophy.com>","Thu, 12 Oct 2017 15:01:38", don't miss out! 25% off friends & family,1.0
182,b'22918',"""philosophy"" <philosophy@email.philosophy.com>","Thu, 19 Oct 2017 03:23:11",last day! don't miss 25% off skin care,1.0
183,b'23037',"""Forever 21"" <forever21@news.forever21.com>","Sat, 21 Oct 2017 09:58:37",up to 75% off... new styles added!,1.0
184,b'22742',"""Forever 21"" <forever21@news.forever21.com>","Sat, 14 Oct 2017 14:34:12",extra 40% off: Â¯Ã¢\s of new styles,1.0
185,b'22215',"""philosophy"" <philosophy@email.philosophy.com>","Tue, 03 Oct 2017 12:07:45","it's official, we have a new winner!",1.0
186,b'22188',"""Express"" <express@e.express.com>","Tue, 03 Oct 2017 05:25:23",just for you: up to $75 off + what's new for october,1.0
187,b'22393',"""H&M Fashion News"" <no-reply@hm.com>","Sat, 07 Oct 2017 06:15:02",last chance! up to 60% off new styles,1.0
188,b'23268',Samsonite <samsonite@enews.samsonite.com>,"Thu, 26 Oct 2017 10:39:26","save up 40% off your next order - email exclusive. plus, check out our new ubx backpack",1.0
189,b'22308',"""Express"" <express@e.express.com>","Thu, 05 Oct 2017 10:30:40",starts today! 40% off everything (even the new-new stuff),1.0
190,b'22882',"""Calvin Klein Outlet Stores"" <calvinklein@email.calvinklein.com>","Wed, 18 Oct 2017 07:10:04",savings start now: fall favorites starting at 40% off,1.0
191,b'22873',"""philosophy"" <philosophy@email.philosophy.com>","Wed, 18 Oct 2017 03:15:24",happening now: 25% off skin care!,1.0
192,b'22810',"""Target"" <targetnews@em.target.com>","Mon, 16 Oct 2017 13:16:59",nab it now: up to 30% off savings on furniture.,1.0
193,b'22671',"""kate spade new york"" <katespade@em.katespade.com>","Fri, 13 Oct 2017 05:23:43",30% off everything for our friends and family starts now,1.0
194,b'22299',"""H&M Fashion News"" <no-reply@hm.com>","Thu, 05 Oct 2017 07:41:03",up to 60% off wear now styles!,1.0
195,b'22252',"""Calvin Klein Outlet Stores"" <calvinklein@email.calvinklein.com>","Wed, 04 Oct 2017 09:29:53",the fall savings event starts now: up to 70% off + extra 20% for preferred,1.0
196,b'22775',"""Express"" <express@e.express.com>","Sun, 15 Oct 2017 15:13:20",online only: extra 50% off clearance starts at 6pm!,1.0
197,b'22241',"""Express"" <express@e.express.com>","Wed, 04 Oct 2017 07:12:38",4 hours only: extra 50% off clearance in-store,1.0
198,b'22802',Folli Follie <US@email.follifollie.com>,"Mon, 16 Oct 2017 10:08:38",30% off extended - today only!,1.0
199,b'22844',"""Crate and Barrel"" <crateandbarrel@mail.crateandbarrel.com>","Tue, 17 Oct 2017 09:32:05",sharp savings on wusthof: up to 65% off suggested prices.,1.0
200,b'23047',SkinMedix <info@skinmedix.com>,"Sat, 21 Oct 2017 15:18:57",it's all on sale! up to an extra 10% off everything you want & more,1.0
201,b'22995',"""Target"" <targetnews@em.target.com>","Fri, 20 Oct 2017 11:24:38",get 30% off bedding before this sale says goodnight.,1.0
202,b'22754',SHEIN <mollymail@shein.com>,"Sun, 15 Oct 2017 06:38:23",shein 9th anniversary sale: bogo 99% off!,1.0
203,b'22752',"""H&M Fashion News"" <no-reply@hm.com>","Sun, 15 Oct 2017 06:02:55",24 hrs! extra 20% off jeans & pants in sale,1.0
204,b'22434',"""H&M Fashion News"" <no-reply@hm.com>","Sun, 08 Oct 2017 06:18:45",24 hrs! extra 20% off all sale in-store & online,1.0
205,b'22303',"""Timberland.com"" <timberland@e.timberland.com>","Thu, 05 Oct 2017 09:04:53",fall's here: 25% off sale!,1.0
206,b'22292',"""katespade.com"" <katespade@em.katespade.com>","Thu, 05 Oct 2017 05:25:25",indulge in an extra 30% off sale styles...,1.0
207,b'23088',"""Forever 21"" <forever21@news.forever21.com>","Sun, 22 Oct 2017 16:03:27", final hours: up to 75% off sale! ,1.0
208,b'22781',"""Forever 21"" <forever21@news.forever21.com>","Sun, 15 Oct 2017 15:23:39", final hours: extra 40% off sale ,1.0
209,b'22762',"""ALDO"" <aldoshoes@e.aldoshoes.com>","Sun, 15 Oct 2017 08:13:53",last day: up to 50% off sale,1.0
210,b'22931',"""Crate and Barrel"" <crateandbarrel@mail.crateandbarrel.com>","Thu, 19 Oct 2017 09:16:50",starts now: 20% off wine & dine sale.,1.0
211,b'22628',"""Crate and Barrel"" <crateandbarrel@mail.crateandbarrel.com>","Thu, 12 Oct 2017 09:57:38",the dining seating sale: up to 20% off starts now.,1.0
212,b'22311',"""ALDO"" <aldoshoes@e.aldoshoes.com>","Thu, 05 Oct 2017 11:27:55",on now! up to 50% off sale,1.0
213,b'23151',Yipit Chicago <e@yipit.com>,"Tue, 24 Oct 2017 09:39:44",limited time only! extra 50% off sale at banana republic!,1.0
214,b'23032',"""Crate and Barrel"" <crateandbarrel@mail.crateandbarrel.com>","Sat, 21 Oct 2017 08:15:55",we saved you a seat: it\s up to 20% off.,1.0
215,b'23266',"""Target"" <targetnews@em.target.com>","Thu, 26 Oct 2017 10:41:05",up to 30% off home ends saturday + decor: save extra.,1.0
216,b'22795',Samsonite <samsonite@enews.samsonite.com>,"Mon, 16 Oct 2017 07:00:00",final day - stack and save! 25% off entire order + additional $25 off,1.0
217,b'23164',SHEIN <mollymail@shein.com>,"Tue, 24 Oct 2017 12:15:43",bet you can't resist: extra 20% off sitewide & free shipping,1.0
218,b'22468',"""H&M Fashion News"" <no-reply@hm.com>","Mon, 09 Oct 2017 06:21:00",your choice! 20% or 30% off + free shipping in-store & online,1.0
219,b'23145',Samsonite <samsonite@enews.samsonite.com>,"Tue, 24 Oct 2017 07:00:00",weekly steal - extra 40% off exclusive hardside + free shipping,1.0
220,b'22836',Samsonite <samsonite@enews.samsonite.com>,"Tue, 17 Oct 2017 07:00:00",weekly steal - extra 40% off exclusive softside collections + free shipping,1.0
221,b'22402',Samsonite <samsonite@enews.samsonite.com>,"Sat, 07 Oct 2017 09:00:00",final days! extra 40% off exclusives + free shipping!,1.0
222,b'22155',Samsonite <samsonite@enews.samsonite.com>,"Mon, 02 Oct 2017 07:00:00",final day - extra 25% off luggage & business cases + free shipping over $99!,1.0
223,b'22513',Samsonite <samsonite@enews.samsonite.com>,"Tue, 10 Oct 2017 07:00:00",weekly steal! additional 25% off outlet + free shipping this week only!,1.0
224,b'22153',"""L'Occitane en Provence"" <contact@contact.loccitane.com>","Mon, 02 Oct 2017 06:54:50",vip rewards extended: $30 off + free shipping,1.0
225,b'22466',"""ALDO"" <aldoshoes@e.aldoshoes.com>","Mon, 09 Oct 2017 06:11:25",up to 50% off + shipping's on us! (today only),1.0
226,b'22546',"""Calvin Klein"" <calvinklein@email.calvinklein.com>","Tue, 10 Oct 2017 17:10:50",sale extended: 50% off sale + free shipping,1.0
227,b'22298',Samsonite <samsonite@enews.samsonite.com>,"Thu, 05 Oct 2017 07:00:00",extra 40% off exclusives + free shipping! columbus day sale,1.0
228,b'22475',Samsonite <samsonite@enews.samsonite.com>,"Mon, 09 Oct 2017 07:00:00",final day - extra 40% off exclusives + free shipping!  columbus day sale,1.0
229,b'22832',"""Calvin Klein"" <calvinklein@email.calvinklein.com>","Tue, 17 Oct 2017 07:38:43",don\t miss this: take an extra 50% off sale + free shipping on orders $99+,1.0
230,b'22198',"""Calvin Klein"" <calvinklein@email.calvinklein.com>","Tue, 03 Oct 2017 07:41:57",an exclusive offer: save 50% off sale styles + free shipping,1.0
231,b'22954',"""philosophy"" <philosophy@email.philosophy.com>","Thu, 19 Oct 2017 17:08:22",final hours: 25% off skin care ends soon!,1.0
232,b'22482',"""Calvin Klein Outlet Stores"" <calvinklein@email.calvinklein.com>","Mon, 09 Oct 2017 09:26:56",final call - fall kickoff savings end soon: up to 70% off + extra 20% off for preferred,1.0
233,b'22480',"""Timberland.com"" <timberland@e.timberland.com>","Mon, 09 Oct 2017 09:04:48",fally style - 25% off today!,1.0
234,b'23084',"""Express"" <express@e.express.com>","Sun, 22 Oct 2017 15:28:06",it's almost time! extra 50% off clearance happens tonight,1.0
235,b'22703',"""philosophy"" <philosophy@email.philosophy.com>","Fri, 13 Oct 2017 15:02:47",Ã¯Â¸ final hours! 25% off friends & family ends tonight,1.0
236,b'22255',"""LIDS"" <email@et.lids.com>","Wed, 04 Oct 2017 09:59:23",last call - extra 30% off clearance ends tonight!,1.0
237,b'22465',"""katespade.com"" <katespade@em.katespade.com>","Mon, 09 Oct 2017 05:21:25",ends tonight! extra 30% off sale styles,1.0
238,b'22891',"""NORDSTROM RACK"" <nordstromrack@e.nordstromrack.com>","Wed, 18 Oct 2017 10:07:55","ruffled, velvet & more styles you\ll only find here",1.0
239,b'22622',Samsonite <samsonite@enews.samsonite.com>,"Thu, 12 Oct 2017 07:00:00",samsonite partners with susan g komen. pack in pink - limited time only,1.0
240,b'22936',Yipit Chicago <e@yipit.com>,"Thu, 19 Oct 2017 10:48:54",two days only! $4.50 for $25 deal at restaurant.com,1.0
241,b'23190',"""Yipit's Best"" <e@yipit.com>","Wed, 25 Oct 2017 06:36:05",today only! all-inclusive vacation packages,1.0
242,b'22214',"""LIDS"" <email@et.lids.com>","Tue, 03 Oct 2017 11:50:28",you won't be-leaf   these prices!,1.0
243,b'23017',"""philosophy"" <philosophy@email.philosophy.com>","Sat, 21 Oct 2017 03:21:25",choose your must-have deluxe minis with purchase!,1.0
244,b'22539',"""Amazon.com"" <store-news@amazon.com>","Tue, 10 Oct 2017 13:25:52",leave packaging feedback for your recent purchases at amazon.com,1.0
245,b'22323',"""Amazon.com"" <store-news@amazon.com>","Thu, 05 Oct 2017 15:27:32",psst\Â¦you\re eligible for a credit on your next amazon purchase,1.0
246,b'22315',SkinMedix <info@skinmedix.com>,"Thu, 05 Oct 2017 12:43:51",Ã¢Â» no minimum purchase savings inside!,1.0
247,b'22205',"""Kiehl's Since 1851"" <kiehls@mail.kiehls-usa.com>","Tue, 03 Oct 2017 10:23:16",one purchase can make all the difference!,1.0
248,b'23177',"""Clinique Online"" <clinique@e.clinique.com>","Tue, 24 Oct 2017 18:12:35",7 free pieces. one great look. yours with purchase. a $75 value.,1.0
249,b'23128',"""Clinique Online"" <clinique@e.clinique.com>","Mon, 23 Oct 2017 18:13:50",fresh makeup & skin care. all free with purchase. a $146.50 value.,1.0
250,b'23087',"""Clinique Online"" <clinique@e.clinique.com>","Sun, 22 Oct 2017 17:14:19",designer bag + 6 clinique greats. a $75 value. free with purchase.,1.0
251,b'23062',"""Clinique Online"" <clinique@e.clinique.com>","Sun, 22 Oct 2017 07:13:40",7 pieces + 7 great tips. all free with purchase. a $75 value.,1.0
252,b'23031',EstÂ©e Lauder Online <EsteeLauderOnline@e.esteelauder.com>,"Sat, 21 Oct 2017 08:09:36","this is big: free full-size advanced night repair eye, with your purchase.",1.0
253,b'23011',EstÂ©e Lauder Online <EsteeLauderOnline@e.esteelauder.com>,"Fri, 20 Oct 2017 17:03:26","free, full-size advanced night repair eye, with your purchase.",1.0
254,b'22975',EstÂ©e Lauder Online <EsteeLauderOnline@e.esteelauder.com>,"Fri, 20 Oct 2017 06:34:46","yours free: full-size advanced night repair eye, with your purchase.",1.0
255,b'22923',"""Clinique Online"" <clinique@e.clinique.com>","Thu, 19 Oct 2017 06:21:14",just-bitten lips. free makeup kit with purchase.,1.0
256,b'22878',"""Clinique Online"" <clinique@e.clinique.com>","Wed, 18 Oct 2017 06:21:09",pretty wicked. free 4-pc. makeup kit with purchase.,1.0
257,b'22790',"""Clinique Online"" <clinique@e.clinique.com>","Mon, 16 Oct 2017 06:09:30",four ways to vamp it up. free with purchase.,1.0
258,b'22739',"""Clinique Online"" <clinique@e.clinique.com>","Sat, 14 Oct 2017 17:15:22",your pick! 5 free minis with purchase.,1.0
259,b'22711',"""philosophy"" <philosophy@email.philosophy.com>","Sat, 14 Oct 2017 03:09:59",treat yourself! free delicious shower gel duo with purchase,1.0
260,b'22707',"""Clinique Online"" <clinique@e.clinique.com>","Fri, 13 Oct 2017 16:14:37",multi-tasking de-agers + 5 minis free with purchase.,1.0
261,b'22651',"""Clinique Online"" <clinique@e.clinique.com>","Thu, 12 Oct 2017 16:15:16",the quickest way to ready. pick 5 free minis with purchase.,1.0
262,b'22626',"""Clinique Online"" <clinique@e.clinique.com>","Thu, 12 Oct 2017 09:32:26",our smartest duo free with purchase.,1.0
263,b'22597',"""Clinique Online"" <clinique@e.clinique.com>","Wed, 11 Oct 2017 18:19:14","8 lip shades, 1 palette, endless looks. pick 5 free minis with purchase.",1.0
264,b'22510',"""Clinique Online"" <clinique@e.clinique.com>","Tue, 10 Oct 2017 06:07:04",pretty sweet! pick 5 free minis with purchase.,1.0
265,b'22492',"""Clinique Online"" <clinique@e.clinique.com>","Mon, 09 Oct 2017 15:10:16",pick your treats. 5 free with purchase.,1.0
266,b'22455',"""Clinique Online"" <clinique@e.clinique.com>","Sun, 08 Oct 2017 15:07:46",sweet picks! 5 free + smart duo with purchase.,1.0
267,b'22439',"""Clinique Online"" <clinique@e.clinique.com>","Sun, 08 Oct 2017 07:13:26","sweet minis, our treat. pick 5 free with purchase.",1.0
268,b'22344',"""Clinique Online"" <clinique@e.clinique.com>","Fri, 06 Oct 2017 05:07:11",lucky you! free full-size makeup with purchase. your pick.,1.0
269,b'22342',"""philosophy"" <philosophy@email.philosophy.com>","Fri, 06 Oct 2017 03:14:04", free cleanser duo + cosmetics bag with purchase,1.0
270,b'22322',"""Clinique Online"" <clinique@e.clinique.com>","Thu, 05 Oct 2017 15:24:00",limited time: free full-size makeup with purchase.,1.0
271,b'22267',"""Clinique Online"" <clinique@e.clinique.com>","Wed, 04 Oct 2017 14:05:10",free full size? yes please. with purchase.,1.0
272,b'22224',"""Clinique Online"" <clinique@e.clinique.com>","Tue, 03 Oct 2017 17:12:44",talk pretty to me. free kit with purchase.,1.0
273,b'22147',"""Clinique Online"" <clinique@e.clinique.com>","Mon, 02 Oct 2017 05:16:56",a kit for all seasons free with purchase.,1.0
274,b'22761',EstÂ©e Lauder Online <EsteeLauderOnline@e.esteelauder.com>,"Sun, 15 Oct 2017 08:05:24","fall for them all: try 6 free best sellers, with your purchase.",1.0
275,b'22463',"""Clinique Online"" <clinique@e.clinique.com>","Mon, 09 Oct 2017 05:07:28",your best brows\so easy. pick 5 free minis with purchase.,1.0
276,b'22276',"""Clinique Online"" <clinique@e.clinique.com>","Wed, 04 Oct 2017 19:13:54",exclusive full-size makeup free with purchase.,1.0
277,b'22385',"""Clinique Online"" <clinique@e.clinique.com>","Fri, 06 Oct 2017 17:07:31",final hours! free full size with purchase.,1.0
278,b'22974',"""Clinique Online"" <clinique@e.clinique.com>","Fri, 20 Oct 2017 06:16:03",last day! free 4-pc. makeup kit with purchase.,1.0
279,b'22778',"""Clinique Online"" <clinique@e.clinique.com>","Sun, 15 Oct 2017 16:13:55",last chance: 5 free minis + smart duo with purchase.,1.0
280,b'22392',"""Clinique Online"" <clinique@e.clinique.com>","Sat, 07 Oct 2017 06:03:11",last day! free 3-step kit plus lash & lip duo with purchase.,1.0
281,b'22365',"""Clinique Online"" <clinique@e.clinique.com>","Fri, 06 Oct 2017 11:08:42",last call! free full-size makeup with purchase.,1.0
282,b'22289',"""philosophy"" <philosophy@email.philosophy.com>","Thu, 05 Oct 2017 03:15:03",last day! free living grace duo with purchase,1.0
283,b'22302',"""Clinique Online"" <clinique@e.clinique.com>","Thu, 05 Oct 2017 08:38:31",last day: exclusive full-size makeup free with purchase.,1.0
284,b'23000',EstÂ©e Lauder Online <EsteeLauderOnline@e.esteelauder.com>,"Fri, 20 Oct 2017 13:02:40","3 days only! free, full-size advanced night repair eye, with your purchase.",1.0
285,b'22965',EstÂ©e Lauder Online <EsteeLauderOnline@e.esteelauder.com>,"Thu, 19 Oct 2017 23:03:39","limited time only! free full-size advanced night repair eye, with your purchase.",1.0
286,b'22953',EstÂ©e Lauder Online <EsteeLauderOnline@e.esteelauder.com>,"Thu, 19 Oct 2017 16:15:14","vip preview: free full-size advanced night repair eye for e-listers only, with your purchase.",1.0
287,b'22235',"""Clinique Online"" <clinique@e.clinique.com>","Wed, 04 Oct 2017 05:10:28",2 days only! free full size with purchase.,1.0
288,b'22426',"""Clinique Online"" <clinique@e.clinique.com>","Sat, 07 Oct 2017 18:07:38","hurry, ends soon! free 3-step kit plus makeup duo with purchase.",1.0
289,b'22756',"""Clinique Online"" <clinique@e.clinique.com>","Sun, 15 Oct 2017 07:05:30",ends today: 5 free minis + de-aging duo with purchase.,1.0
290,b'23242',"""Clinique Online"" <clinique@e.clinique.com>","Thu, 26 Oct 2017 05:08:35",pick your pop artist in your free 7-pc. gift. a $75 value. with purchase.,1.0
291,b'23219',"""Clinique Online"" <clinique@e.clinique.com>","Wed, 25 Oct 2017 18:06:29",glam it up. free 7-pc. gift + more with purchase. a $146.50 value.,1.0
292,b'23208',"""Clinique Online"" <clinique@e.clinique.com>","Wed, 25 Oct 2017 14:20:46",quick take-off trick. free 7-pc. gift + more with purchase. a $146.50 value.,1.0
293,b'23169',"""Clinique Online"" <clinique@e.clinique.com>","Tue, 24 Oct 2017 13:16:52",our de-ager for acne-prone skin. free 7-pc. gift with purchase.,1.0
294,b'23141',"""Clinique Online"" <clinique@e.clinique.com>","Tue, 24 Oct 2017 06:13:17",these acne myths will surprise you. free gifts with purchase. a $146.50 value.,1.0
295,b'23050',"""Clinique Online"" <clinique@e.clinique.com>","Sat, 21 Oct 2017 20:12:28",it's here! free 7-pc. gift + more with purchase. a $146.50 value.,1.0
296,b'23046',"""Clinique Online"" <clinique@e.clinique.com>","Sat, 21 Oct 2017 15:08:58",look what's in your gift. get it all free with purchase. a $146.50 value.,1.0
297,b'23021',"""Clinique Online"" <clinique@e.clinique.com>","Sat, 21 Oct 2017 06:17:23",first look! free 7-pc. gift + more treats with purchase. a $146.50 value.,1.0
298,b'22733',"""Target"" <targetnews@em.target.com>","Sat, 14 Oct 2017 12:33:12", free gift card with decor or costume purchase?,1.0
299,b'22232',EstÂ©e Lauder Online <EsteeLauderOnline@e.esteelauder.com>,"Wed, 04 Oct 2017 04:04:07","complexion perfection: infuse youth. choose your free gift, with your purchase.",1.0
300,b'22210',"""Clinique Online"" <clinique@e.clinique.com>","Tue, 03 Oct 2017 11:12:57",bright gift sets + free 3-step kit with purchase.,1.0
301,b'22676',"""Clinique Online"" <clinique@e.clinique.com>","Fri, 13 Oct 2017 06:20:39",indulge in color. exclusive gift sets + 5 free minis with purchase.,1.0
302,b'22422',EstÂ©e Lauder Online <EsteeLauderOnline@e.esteelauder.com>,"Sat, 07 Oct 2017 15:07:45","online only! free 7-piece gift worth up to $140, with your purchase.",1.0
303,b'23118',"""Clinique Online"" <clinique@e.clinique.com>","Mon, 23 Oct 2017 13:17:21",new! powder power for lips. free 7-pc. gift + more with purchase. a $146.50 value.,1.0
304,b'22391',"""L'Occitane en Provence"" <contact@contact.loccitane.com>","Sat, 07 Oct 2017 05:16:44",limited time only! free gift with purchase & shipping on us,1.0
305,b'22441',EstÂ©e Lauder Online <EsteeLauderOnline@e.esteelauder.com>,"Sun, 08 Oct 2017 08:04:07","ends tonight: free 7-piece gift (worth up to $140), with your purchase.",1.0
306,b'23137',"""philosophy"" <philosophy@email.philosophy.com>","Tue, 24 Oct 2017 03:12:28",last day! enjoy 4 deluxe minis of your choice with purchase,1.0
307,b'22784',"""philosophy"" <philosophy@email.philosophy.com>","Mon, 16 Oct 2017 03:09:41",Ã¯Â¸ last day: complimentary shower gel duo with purchase!,1.0
308,b'22442',"""philosophy"" <philosophy@email.philosophy.com>","Sun, 08 Oct 2017 08:07:09",last day! enjoy when hope is not enough serum with your purchase,1.0
309,b'23054',"""H&M Fashion News"" <no-reply@hm.com>","Sun, 22 Oct 2017 06:02:07",15% off your entire women's purchase,1.0
310,b'22166',Yipit Chicago <e@yipit.com>,"Mon, 02 Oct 2017 10:40:36",glamglow $30 credit off purchase+free gift,1.0
311,b'23283',"""Clinique Online"" <clinique@e.clinique.com>","Thu, 26 Oct 2017 16:16:40",6 ways to take the day off. free gifts with purchase. a $146.50 value.,1.0
312,b'23109',SkinMedix <info@skinmedix.com>,"Mon, 23 Oct 2017 10:54:54",last day! extra $10 or 10% off your entire purchase,1.0
313,b'23096',Samsonite <samsonite@enews.samsonite.com>,"Mon, 23 Oct 2017 07:00:00",final day! save 25% off entire purchase ,1.0
314,b'23064',EstÂ©e Lauder Online <EsteeLauderOnline@e.esteelauder.com>,"Sun, 22 Oct 2017 08:03:18","ends tonight: free full-size advanced night repair eye, with your purchase.",1.0
315,b'22335',"""Clinique Online"" <clinique@e.clinique.com>","Thu, 05 Oct 2017 20:18:23",ends tonight! free full-size makeup with purchase.,1.0
316,b'22851',"""BroadwayBox Alerts"" <alerts@broadwaybox.com> ","Tue, 17 Oct 2017 09:57:09",hamilton\s mandy gonzalez makes cafÃ£Â© carlyle debut october 24 - november 4 & releases fearless album,1.0
317,b'22694',"""Timberland.com"" <timberland@e.timberland.com>","Fri, 13 Oct 2017 11:35:48",limited release. waterproof horween leather.,1.0
318,b'23287',"""Forever 21"" <forever21@news.forever21.com>","Thu, 26 Oct 2017 13:49:37",first $10 reward on us!,1.0
319,b'23278',Yipit Chicago <e@yipit.com>,"Thu, 26 Oct 2017 13:35:12","gucci starting at $65, livingsocial sitewide sale, and more",1.0
320,b'23244',"""Mariano's"" <Marianos@email-marianos.com>","Thu, 26 Oct 2017 06:04:18"," 5 day sale  boneless strip steak, krakus polish ham or land o'lakes cheese, pillsbury crescent rolls, and more",1.0
321,b'23216',"""CheapOair"" <CheapOair@myCheapOair.com>","Wed, 25 Oct 2017 15:45:13",confirmed! flash sale: fly round trip from $48.40,1.0
322,b'23206',"""Target"" <targetnews@em.target.com>","Wed, 25 Oct 2017 12:02:51",fall for our furniture sale. with bonus savings!,1.0
323,b'23175',"""CheapOair"" <CheapOair@myCheapOair.com>","Tue, 24 Oct 2017 15:21:25",big sale on united airlines: fly from $39.20,1.0
324,b'23166',"""Target"" <targetnews@em.target.com>","Tue, 24 Oct 2017 12:38:49",kitchen sale. crock-pot  keurig  oster ,1.0
325,b'23150',"""Forever 21"" <forever21@news.forever21.com>","Tue, 24 Oct 2017 07:55:07",flash sale!!! 50%off ,1.0
326,b'23122',"""CheapOair"" <CheapOair@myCheapOair.com>","Mon, 23 Oct 2017 14:30:37", 48-hour sale: fly from $24.20,1.0
327,b'23104',"""Crate and Barrel"" <crateandbarrel@mail.crateandbarrel.com>","Mon, 23 Oct 2017 09:38:01",the calphalon sale is here.,1.0
328,b'23030',Yipit Chicago <e@yipit.com>,"Sat, 21 Oct 2017 07:57:36","ariat footwear & apparel, groupon local sale and more",1.0
329,b'23026',"""Calvin Klein Outlet Stores"" <calvinklein@email.calvinklein.com>","Sat, 21 Oct 2017 07:09:09",fall sale continues: denim starting at $39.99,1.0
330,b'22922',"""Mariano's"" <Marianos@email-marianos.com>","Thu, 19 Oct 2017 06:05:40"," 5 day sale  beef rump roast, cantaloupe, baking essentials, hot price alert, and more",1.0
331,b'22896',"""CheapOair"" <CheapOair@myCheapOair.com>","Wed, 18 Oct 2017 12:30:43",giant sale: fly from $24.20,1.0
332,b'22846',"""L'Occitane en Provence"" <contact@contact.loccitane.com>","Tue, 17 Oct 2017 09:55:35",a scary good sale has arrived\,1.0
333,b'22817',"""CheapOair"" <CheapOair@myCheapOair.com>","Mon, 16 Oct 2017 14:57:02", massive flight sale!,1.0
334,b'22556',"""Target"" <targetnews@em.target.com>","Tue, 10 Oct 2017 20:33:48","hello, toy sale.",1.0
335,b'22533',SHEIN <mollymail@shein.com>,"Tue, 10 Oct 2017 12:19:12",autumn staples on sale: from $1.99 & pre-halloween sale,1.0
336,b'22158',"""Target"" <targetnews@em.target.com>","Mon, 02 Oct 2017 07:48:37",furniture sale. open to see the savings.,1.0
337,b'23197',Yipit Chicago <e@yipit.com>,"Wed, 25 Oct 2017 09:14:18","aerosoles, $5 for $25 deal at restaurant.com, groupon friends & family sale",1.0
338,b'22152',"""Yipit's Best"" <e@yipit.com>","Mon, 02 Oct 2017 06:32:53",last day! groupon sitewide sale,1.0
339,b'22683',Samsonite <samsonite@enews.samsonite.com>,"Fri, 13 Oct 2017 09:40:00",secret sale (you do not want to miss this),1.0
340,b'23260',"""katespade.com"" <katespade@em.katespade.com>","Thu, 26 Oct 2017 08:49:42",ooh! new styles on sale!,1.0
341,b'22952',"""L'Occitane en Provence"" <contact@contact.loccitane.com>","Thu, 19 Oct 2017 16:20:03",limited quantities! secure your halloween sale must-haves now,1.0
342,b'22265',"""Target"" <targetnews@em.target.com>","Wed, 04 Oct 2017 13:20:55",48-hour sale on bedding. counting down now.,1.0
343,b'22237',"""ALDO"" <aldoshoes@e.aldoshoes.com>","Wed, 04 Oct 2017 05:37:23",the wait is over. fall sale starts now!,1.0
344,b'23250',"""Yipit's Best"" <e@yipit.com>","Thu, 26 Oct 2017 06:36:02",two days only! livingsocial sitewide sale,1.0
345,b'22677',"""Yipit's Best"" <e@yipit.com>","Fri, 13 Oct 2017 06:34:21",two days only! groupon sitewide sale,1.0
346,b'22317',"""Target"" <targetnews@em.target.com>","Thu, 05 Oct 2017 13:06:41","home sale. great decor, low prices.",1.0
347,b'22884',Samsonite <samsonite@enews.samsonite.com>,"Wed, 18 Oct 2017 07:00:00",24 hour sale! stack and save additional 24% for 24 hours,1.0
348,b'22324',"""AbeBooks.com"" <news@sender.abebooks.com>","Thu, 05 Oct 2017 15:08:00",save up to 50% with october's sales,1.0
349,b'22947',"""AbeBooks.com"" <news@sender.abebooks.com>","Thu, 19 Oct 2017 15:07:52",save up to 50% - sale ends october 27th,1.0
350,b'22946',"""Yipit's Best"" <e@yipit.com>","Thu, 19 Oct 2017 15:16:46","today's top travel: southwest sale, cancun, punta cana, central europe",1.0
351,b'22307',"""Crate and Barrel"" <crateandbarrel@mail.crateandbarrel.com>","Thu, 05 Oct 2017 10:19:21",final weekend: rug sale.,1.0
352,b'22471',LANEIGE <support@us.laneige.com>,"Mon, 09 Oct 2017 06:38:49",happy columbus day: exclusives + deluxe samples,1.0
353,b'23245',LANEIGE <support@us.laneige.com>,"Thu, 26 Oct 2017 06:16:40",3 free samples + free shipping,1.0
354,b'23202',TheaterMania <tminsider@theatermania.com>,"Wed, 25 Oct 2017 11:01:49","save $10 on tickets to the ""phenomenal"" billy elliot!",1.0
355,b'23185',"""philosophy"" <philosophy@email.philosophy.com>","Wed, 25 Oct 2017 03:15:21",save up to 30% on must-haves!,1.0
356,b'23125',"""BroadwayBox Alerts"" <alerts@broadwaybox.com> ","Mon, 23 Oct 2017 15:30:37",save over $50 on a bronx tale \ broadway\s hit crowd pleaser,1.0
357,b'22858',"""BroadwayBox Alerts"" <alerts@broadwaybox.com> ","Tue, 17 Oct 2017 12:05:16",see beautiful this fall and save!,1.0
358,b'22704',"""BroadwayBox Alerts"" <alerts@broadwaybox.com> ","Fri, 13 Oct 2017 14:40:59",the hilarious musical desperate measures is extended by popular demand -- save over $20!,1.0
359,b'22632',"""BroadwayBox Alerts"" <alerts@broadwaybox.com> ","Thu, 12 Oct 2017 10:05:15",wonka wants you to save\tickets from $59 for charlie and the chocolate factory,1.0
360,b'22542',"""BroadwayBox Alerts"" <alerts@broadwaybox.com> ","Tue, 10 Oct 2017 14:21:28",christmas spectacular \ save up to 35%,1.0
361,b'22398',"""PayPal"" <paypal@mail.paypal.com>","Sat, 07 Oct 2017 07:53:34","save on american giant, south moon under & sunfrog",1.0
362,b'22373',"""Target"" <targetnews@em.target.com>","Fri, 06 Oct 2017 13:36:03",save up to 30% on bed & bath. be ready for fall guests.,1.0
363,b'22338',"""KAYAK"" <news@kayak.com>","Thu, 05 Oct 2017 22:01:49",portugal w/air fr $599 | jamaica w/air: save up to 50% | cruises fr $179,1.0
364,b'22328',"""BroadwayBox Alerts"" <alerts@broadwaybox.com> ","Thu, 05 Oct 2017 15:44:37",matthew bourne\s the red shoes \ save 20%,1.0
365,b'22209',TheaterMania <tminsider@theatermania.com>,"Tue, 03 Oct 2017 11:01:11","save on ""a must-see"" shrew at chicago shakespeare",1.0
366,b'22203',Yipit Chicago <e@yipit.com>,"Tue, 03 Oct 2017 09:14:28",save on a sam's club membership,1.0
367,b'22576',"""Crate and Barrel"" <crateandbarrel@mail.crateandbarrel.com>","Wed, 11 Oct 2017 09:32:47",save on our entire all-clad collection.,1.0
368,b'23003',FOREO <newsletter@foreo.com>,"Fri, 20 Oct 2017 13:37:26",save a huge 30% today on luna 2 pro!,1.0
369,b'22347',"""L'Occitane en Provence"" <contact@contact.loccitane.com>","Fri, 06 Oct 2017 05:12:52",long weekend exclusive: the ultimate head-to-toe collection (+free shipping),1.0
370,b'22196',Samsonite <samsonite@enews.samsonite.com>,"Tue, 03 Oct 2017 07:00:00",weekly steal! 2 pc blx hardside spinner set only $179.99 + free shipping!,1.0
371,b'22478',"""Crate and Barrel"" <crateandbarrel@mail.crateandbarrel.com>","Mon, 09 Oct 2017 08:27:45",free shipping today only.,1.0
372,b'22606',"""Target"" <targetnews@em.target.com>","Wed, 11 Oct 2017 20:17:49","preview hearth & hand with magnolia, coming soon.",1.0
373,b'22519',"""Calvin Klein Outlet Stores"" <calvinklein@email.calvinklein.com>","Tue, 10 Oct 2017 09:32:28",coming soon: the friends + family event starts thursday,1.0
374,b'22725',"""Calvin Klein Outlet Stores"" <calvinklein@email.calvinklein.com>","Sat, 14 Oct 2017 09:29:24",shop the friends + family event: the season\s best savings end soon,1.0
375,b'22701',"""Target"" <targetnews@em.target.com>","Fri, 13 Oct 2017 13:35:57",tick tock-toy deals ending soon.,1.0
376,b'23279',"""BroadwayBox Alerts"" <alerts@broadwaybox.com> ","Thu, 26 Oct 2017 13:30:17",$49 for an all-you-can-laugh special at stuffed!,1.0
377,b'23207',"""Spotify"" <hello@spotify.com>","Wed, 25 Oct 2017 12:54:09",a special thank you from lauv,1.0
378,b'22892',"""BroadwayBox Alerts"" <alerts@broadwaybox.com> ","Wed, 18 Oct 2017 10:05:18",avenue q makes you feel special!,1.0
379,b'22690',"""Crate and Barrel"" <crateandbarrel@mail.crateandbarrel.com>","Fri, 13 Oct 2017 10:43:19", a special promo code just for you.,1.0
380,b'22363',"""Spotify"" <hello@spotify.com>","Fri, 06 Oct 2017 10:20:31",a special thank you from cardi b,1.0
381,b'23158',Samsonite <samsonite@enews.samsonite.com>,"Tue, 24 Oct 2017 11:10:50",house of samonite now open at the shops at north bridge - special discount inside,1.0
382,b'23230',TheaterMania <tminsider@theatermania.com>,"Wed, 25 Oct 2017 19:21:05",special broadway offers,1.0
383,b'22912',TheaterMania <tminsider@theatermania.com>,"Wed, 18 Oct 2017 19:08:35",special broadway offers,1.0
384,b'22864',"""Target"" <targetnews@em.target.com>","Tue, 17 Oct 2017 16:29:49",this week's special: kitchen & dining up to 20% off.,1.0
385,b'22603',TheaterMania <tminsider@theatermania.com>,"Wed, 11 Oct 2017 19:09:27",special broadway offers,1.0
386,b'22511',LANEIGE <support@us.laneige.com>,"Tue, 10 Oct 2017 07:03:20",columbus special extended! take a look at our special offers ,1.0
387,b'22283',TheaterMania <tminsider@theatermania.com>,"Wed, 04 Oct 2017 19:14:12",special broadway offers,1.0
388,b'23280',"""Yipit's Best"" <e@yipit.com>","Thu, 26 Oct 2017 15:16:21","today's top travel: alaska airlines, mexico, caribbean & central america, cozumel",1.0
389,b'23123',"""Yipit's Best"" <e@yipit.com>","Mon, 23 Oct 2017 15:15:46","today's top travel: barbados, ireland, myrtle beach, america's rivers",1.0
390,b'23043',"""Yipit's Best"" <e@yipit.com>","Sat, 21 Oct 2017 14:16:42","today's top travel: delta airlines, st. lucia, spain, ireland",1.0
391,b'22862',"""Yipit's Best"" <e@yipit.com>","Tue, 17 Oct 2017 14:08:25",today's top travel: iberostar playa mita getaway with flights,1.0
392,b'22816',"""Yipit's Best"" <e@yipit.com>","Mon, 16 Oct 2017 15:17:12","today's top travel: alaska airlines, mexico, bermuda, rome",1.0
393,b'22734',"""Yipit's Best"" <e@yipit.com>","Sat, 14 Oct 2017 14:16:12","today's top travel: virgin america, mexico, aruba, nassau",1.0
394,b'22648',"""Yipit's Best"" <e@yipit.com>","Thu, 12 Oct 2017 15:17:39","today's top travel: go rv'ing, caribbean, mexico, hawaii, panama canal, madrid, seville & barcelona",1.0
395,b'22627',"""Calvin Klein Outlet Stores"" <calvinklein@email.calvinklein.com>","Thu, 12 Oct 2017 09:37:44",just for you: the friends + family event starts today,1.0
396,b'22579',"""Chase"" <Chase@e.chase.com>","Wed, 11 Oct 2017 10:05:00","yi, on the go? try chase pay today.",1.0
397,b'22169',Netflix <info@mailer.netflix.com>,"Mon, 02 Oct 2017 11:14:50",come back to netflix today.,1.0
398,b'23036',"""Target"" <targetnews@em.target.com>","Sat, 21 Oct 2017 11:22:52",this jeans sale ends tonight.,1.0
399,b'22588',"""Yipit's Best"" <e@yipit.com>","Wed, 11 Oct 2017 12:33:37",jetblue fare sale - ends tonight,1.0
400,b'23014',"""Broadway Discounts"" <email@reply.broadwaydiscounts.com>","Fri, 20 Oct 2017 17:00:00",we know you're busy! broadway weekend wrap-up,1.0
401,b'22785',EstÂ©e Lauder Online <EsteeLauderOnline@e.esteelauder.com>,"Mon, 16 Oct 2017 04:03:44",already looking forward to the weekend?,1.0
402,b'22149',"""H&M Fashion News"" <no-reply@hm.com>","Mon, 02 Oct 2017 06:16:50",fall styles perfect for weekend getaways,1.0
403,b'23285',"""KAYAK"" <news@kayak.com>","Thu, 26 Oct 2017 16:34:51",u.s. flights fr $49 rt | ireland w/air fr $799 | cancun w/air fr $679,1.0
404,b'23284',LANEIGE <support@us.laneige.com>,"Thu, 26 Oct 2017 16:16:40","changing seasons, choose your cushion",1.0
405,b'23276',""" Travel Wisconsin "" <Travel.Wisconsin@public.govdelivery.com>","Thu, 26 Oct 2017 13:01:37",peak color spotted in southern wisconsin,1.0
406,b'23272',"""Amazon.com"" <store-news@amazon.com>","Thu, 26 Oct 2017 12:02:06","""snow joe sjblzd telescoping snow...""",1.0
407,b'23265',"""BroadwayBox Alerts"" <alerts@broadwaybox.com> ","Thu, 26 Oct 2017 10:05:16",the broadwaybox lottery is in full swing!,1.0
408,b'23262',Folli Follie <US@email.follifollie.com>,"Thu, 26 Oct 2017 09:48:17",discover its effect!,1.0
409,b'23253',"""H&M Fashion News"" <no-reply@hm.com>","Thu, 26 Oct 2017 07:33:15",premium quality: knits and leather,1.0
410,b'23248',LANEIGE <support@us.laneige.com>,"Thu, 26 Oct 2017 06:16:40",easy overnight treatments,1.0
411,b'23239',EstÂ©e Lauder Online <EsteeLauderOnline@e.esteelauder.com>,"Thu, 26 Oct 2017 04:03:33",one drop changes everything.,1.0
412,b'23215',LANEIGE <support@us.laneige.com>,"Wed, 25 Oct 2017 16:16:40","all of the clean, none of the tightness",1.0
413,b'23209',"""Chase"" <Chase@e.chase.com>","Wed, 25 Oct 2017 14:29:35","yi, did you know about all the ways to pay with chase pay?",1.0
414,b'23203',"""NORDSTROM RACK"" <nordstromrack@e.nordstromrack.com>","Wed, 25 Oct 2017 10:03:27",outerwear that\s in: bcbgeneration under $90 & more,1.0
415,b'23198',EstÂ©e Lauder Online <EsteeLauderOnline@e.esteelauder.com>,"Wed, 25 Oct 2017 09:33:47",makeup that works as hard as you do.,1.0
416,b'23195',"""Forever 21"" <forever21@news.forever21.com>","Wed, 25 Oct 2017 07:44:17",snow she didn't\,1.0
417,b'23191',eBay <eBay@reply1.ebay.com>,"Wed, 25 Oct 2017 07:01:41",have you discovered my ebay yet?,1.0
418,b'23188',LANEIGE <support@us.laneige.com>,"Wed, 25 Oct 2017 06:16:40",your choice of 3!,1.0
419,b'23183',"""Amazon.com"" <vfe-campaign-response@amazon.com>","Tue, 24 Oct 2017 23:15:32",secret wishes women's wonder...,1.0
420,b'23167',EstÂ©e Lauder Online <EsteeLauderOnline@e.esteelauder.com>,"Tue, 24 Oct 2017 13:02:15",victoria beckham talks complexion perfection.,1.0
421,b'23148',"""Timberland.com"" <timberland@e.timberland.com>","Tue, 24 Oct 2017 09:06:03",impossible to choose?,1.0
422,b'23147',"""katespade.com"" <katespade@em.katespade.com>","Tue, 24 Oct 2017 08:23:24",the dream outfit,1.0
423,b'23143',"""Yipit's Best"" <e@yipit.com>","Tue, 24 Oct 2017 06:34:56",100% cash back at dunkin' donuts!,1.0
424,b'23142',EstÂ©e Lauder Online <EsteeLauderOnline@e.esteelauder.com>,"Tue, 24 Oct 2017 06:33:05","have it all: firmer, smoother, radiant skin.",1.0
425,b'23113',"""Patagonia"" <reply@email.patagonia.com>","Mon, 23 Oct 2017 11:31:00",get to know your insulation options,1.0
426,b'23103',"""Forever 21"" <forever21@news.forever21.com>","Mon, 23 Oct 2017 07:53:38",you'll need this,1.0
427,b'23098',"""H&M Fashion News"" <no-reply@hm.com>","Mon, 23 Oct 2017 07:22:25",a very merry home,1.0
428,b'23093',LANEIGE <support@us.laneige.com>,"Mon, 23 Oct 2017 06:16:40",can't choose? mix and match!,1.0
429,b'23082',"""philosophy"" <philosophy@email.philosophy.com>","Sun, 22 Oct 2017 15:08:30",the ultimate moisturizer that does it all,1.0
430,b'23074',"""Brooklyn Boulders Chicago"" <chicago@brooklynboulders.com>","Sun, 22 Oct 2017 11:38:45",99 problems but more boulders ain't one,1.0
431,b'23071',Yipit Chicago <e@yipit.com>,"Sun, 22 Oct 2017 10:54:38",pandora,1.0
432,b'23067',"""Timberland.com"" <timberland@e.timberland.com>","Sun, 22 Oct 2017 09:03:55",all-new clothing: sport leisure.,1.0
433,b'23066',"""katespade.com"" <katespade@em.katespade.com>","Sun, 22 Oct 2017 08:53:19","embroider, engrave or emboss it!",1.0
434,b'23055',"""Mariano's"" <Marianos@email-marianos.com>","Sun, 22 Oct 2017 06:06:02","loadable lunch & dinner sushi tray from oki sushi, buffalo rotisserie chicken salad, and more",1.0
435,b'23042',EstÂ©e Lauder Online <EsteeLauderOnline@e.esteelauder.com>,"Sat, 21 Oct 2017 13:08:23",be bold. estÃ£Â©e stories.,1.0
436,b'23039',"""Telecharge"" <email@reply.telecharge.com>","Sat, 21 Oct 2017 11:00:00",;) we appreciate your loyalty | you're invited to enjoy the october broadway spotlight,1.0
437,b'23029',Pandora <pandora@pandora.com>,"Sat, 21 Oct 2017 07:40:15",live event picks just for you,1.0
438,b'23020',LANEIGE <support@us.laneige.com>,"Sat, 21 Oct 2017 06:16:40",feelin' squeaky clean ,1.0
439,b'23010',hello@spotify.com,"Fri, 20 Oct 2017 17:00:00",listen to the next generation of music superstars,1.0
440,b'23005',"""CheapOair"" <CheapOair@myCheapOair.com>","Fri, 20 Oct 2017 15:07:13","frontier, aa, & united for under $56",1.0
441,b'22998',"""Amazon.com"" <store-news@amazon.com>","Fri, 20 Oct 2017 12:09:00",calbee japan jaga-pockle...,1.0
442,b'22994',"""Patagonia"" <reply@email.patagonia.com>","Fri, 20 Oct 2017 11:19:17",much to do about nothing,1.0
443,b'22992',Yipit Chicago <e@yipit.com>,"Fri, 20 Oct 2017 11:12:36",michael stars,1.0
444,b'22990',"""BroadwayBox Alerts"" <alerts@broadwaybox.com> ","Fri, 20 Oct 2017 10:05:16",just announced! broadway balances america - season 4,1.0
445,b'22987',"""Kiehl's Since 1851"" <kiehls@mail.kiehls-usa.com>","Fri, 20 Oct 2017 10:11:14",create your own serum with apothecary prep!,1.0
446,b'22986',"""Forever 21"" <forever21@news.forever21.com>","Fri, 20 Oct 2017 07:51:57",we\re selling out\,1.0
447,b'22983',"""Timberland.com"" <timberland@e.timberland.com>","Fri, 20 Oct 2017 09:06:27",rain or not - style wins.,1.0
448,b'22982',"""katespade.com"" <katespade@em.katespade.com>","Fri, 20 Oct 2017 08:20:50",wear all the roses...,1.0
449,b'22980',"""H&M Fashion News"" <no-reply@hm.com>","Fri, 20 Oct 2017 08:18:25",winter is coming!,1.0
450,b'22958',TheaterMania <tminsider@theatermania.com>,"Thu, 19 Oct 2017 19:06:11",cher signs on for mamma mia! sequel and ben platt trains his dear,1.0
451,b'22956',"""BroadwayBox Alerts"" <alerts@broadwaybox.com> ","Thu, 19 Oct 2017 17:10:14",see school of rock starting at just $59!,1.0
452,b'22950',"""Kiehl's Since 1851"" <kiehls@mail.kiehls-usa.com>","Thu, 19 Oct 2017 15:51:59",breast cancer awareness month #kissforthecure,1.0
453,b'22944',""" Travel Wisconsin "" <Travel.Wisconsin@public.govdelivery.com>","Thu, 19 Oct 2017 15:07:15",autumn leaves arrive in southern wisconsin,1.0
454,b'22937',"""Timberland.com"" <timberland@e.timberland.com>","Thu, 19 Oct 2017 11:06:15",like her style?,1.0
455,b'22930',"""katespade.com"" <katespade@em.katespade.com>","Thu, 19 Oct 2017 08:23:25",pizza party and pj's...,1.0
456,b'22919',EstÂ©e Lauder Online <EsteeLauderOnline@e.esteelauder.com>,"Thu, 19 Oct 2017 04:03:06",this hack is everything.,1.0
457,b'22903',"""Uber Chicago"" <email@et.uber.com>","Wed, 18 Oct 2017 17:14:10",how your rides give back to chicago,1.0
458,b'22898',FOREO <newsletter@foreo.com>,"Wed, 18 Oct 2017 13:34:19",which foreo just cameoed on star trek discovery?,1.0
459,b'22893',"""Forever 21"" <forever21@news.forever21.com>","Wed, 18 Oct 2017 07:51:51",hello beauti-fall! ,1.0
460,b'22890',"""Kiehl's Since 1851"" <kiehls@mail.kiehls-usa.com>","Wed, 18 Oct 2017 10:20:29",shop early with kiehl's and avoid the lines,1.0
461,b'22889',Yipit Chicago <e@yipit.com>,"Wed, 18 Oct 2017 10:07:17",merrell,1.0
462,b'22887',"""katespade.com"" <katespade@em.katespade.com>","Wed, 18 Oct 2017 08:23:14","cat ladies, rejoice!",1.0
463,b'22874',EstÂ©e Lauder Online <EsteeLauderOnline@e.esteelauder.com>,"Wed, 18 Oct 2017 04:03:25",inspiration. motivation. dedication. meet our modern muse.,1.0
464,b'22868',"""Airbnb"" <discover@airbnb.com>","Tue, 17 Oct 2017 20:21:59",tune in: your weekly dose of travel inspiration,1.0
465,b'22865',"""ALDO"" <aldoshoes@e.aldoshoes.com>","Tue, 17 Oct 2017 17:16:42",these studded must-haves don't mess around.,1.0
466,b'22861',"""Express"" <express@e.express.com>","Tue, 17 Oct 2017 13:24:23",\ meet our nba game changers,1.0
467,b'22856',For Love & Lemons <info@forloveandlemons.com>,"Tue, 17 Oct 2017 12:11:56",satisfy your sweet tooth...,1.0
468,b'22848',Yipit Chicago <e@yipit.com>,"Tue, 17 Oct 2017 10:00:17",monthly goodies for mom+baby,1.0
469,b'22843',"""katespade.com"" <katespade@em.katespade.com>","Tue, 17 Oct 2017 08:54:32",glitter wallets and other things that sparkle...,1.0
470,b'22840',"""Timberland.com"" <timberland@e.timberland.com>","Tue, 17 Oct 2017 09:05:46",tallest of its kind.,1.0
471,b'22808',"""Kiehl's Since 1851"" <kiehls@mail.kiehls-usa.com>","Mon, 16 Oct 2017 11:45:00",stay hydrated all season with creme de corps,1.0
472,b'22806',"""H&M Fashion News"" <no-reply@hm.com>","Mon, 16 Oct 2017 10:41:36",play with proportions!,1.0
473,b'22798',"""Forever 21"" <forever21@news.forever21.com>","Mon, 16 Oct 2017 08:38:26",currently feeling...,1.0
474,b'22750',"""L'Occitane en Provence"" <contact@contact.loccitane.com>","Sun, 15 Oct 2017 05:41:40",almost gone! our shea butter soaps are just what you need,1.0
475,b'22730',"""BroadwayBox Alerts"" <alerts@broadwaybox.com> ","Sat, 14 Oct 2017 11:22:25","sit back, relax and take in the broadway scoop!",1.0
476,b'22723',"""Telecharge"" <email@reply.telecharge.com>","Sat, 14 Oct 2017 08:00:00","all we have to say is ""6 under $60""",1.0
477,b'22702',"""Spotify"" <hello@spotify.com>","Fri, 13 Oct 2017 15:03:07",just $4.99 a month: hulu + premium for students,1.0
478,b'22699',EstÂ©e Lauder Online <EsteeLauderOnline@e.esteelauder.com>,"Fri, 13 Oct 2017 13:03:10",rethink pink with victoria beckham.,1.0
479,b'22698',"""Evernote Team"" <team@emails.evernote.com>","Fri, 13 Oct 2017 12:39:57",reminder: help us improve evernote,1.0
480,b'22682',EstÂ©e Lauder Online <EsteeLauderOnline@e.esteelauder.com>,"Fri, 13 Oct 2017 09:02:10",time flies! use your e-list points before they expire.,1.0
481,b'22667',EstÂ©e Lauder Online <EsteeLauderOnline@e.esteelauder.com>,"Fri, 13 Oct 2017 04:04:47",the eyes have it: more for less. shop before they\re gone!,1.0
482,b'22666',"""KAYAK"" <news@kayak.com>","Thu, 12 Oct 2017 23:50:07",cancun w/air fr $699 | hawaii: 7 nts w/air fr $770 | portugal: 4-star hotels fr $60,1.0
483,b'22662',TheaterMania <tminsider@theatermania.com>,"Thu, 12 Oct 2017 19:11:06",moulin rouge! the musical announces its creative team and my fair,1.0
484,b'22661',Pandora <pandora@pandora.com>,"Thu, 12 Oct 2017 19:33:00",live event picks just for you,1.0
485,b'22653',LANEIGE <support@us.laneige.com>,"Thu, 12 Oct 2017 16:16:40",to be matte or dewy.. that is the question ,1.0
486,b'22646',"""Pay with GasBuddy"" <et-reply@GasBuddyEmail.com>","Thu, 12 Oct 2017 14:28:58",it pays to open this email.,1.0
487,b'22643',EstÂ©e Lauder Online <EsteeLauderOnline@e.esteelauder.com>,"Thu, 12 Oct 2017 13:05:32",introducing sotheby\s x aerin: transforming looks from day to night,1.0
488,b'22642',"""Amazon.com"" <vfe-campaign-response@amazon.com>","Thu, 12 Oct 2017 12:24:47",big time bbq bundle (3 items)...,1.0
489,b'22637',""" Travel Wisconsin "" <Travel.Wisconsin@public.govdelivery.com>","Thu, 12 Oct 2017 11:04:17",fall color report: northern wisconsin gets a peek at peak color,1.0
490,b'22623',Yipit Chicago <e@yipit.com>,"Thu, 12 Oct 2017 09:17:59",nannette kids,1.0
491,b'22618',"""H&M Fashion News"" <no-reply@hm.com>","Thu, 12 Oct 2017 07:40:14","plaid, florals and tailored silhouettes",1.0
492,b'22614',"""L'Occitane en Provence"" <contact@contact.loccitane.com>","Thu, 12 Oct 2017 05:52:41",it\s world sight day | $3 can make a difference!,1.0
493,b'22613',EstÂ©e Lauder Online <EsteeLauderOnline@e.esteelauder.com>,"Thu, 12 Oct 2017 04:03:03",3 reds every woman can wear,1.0
494,b'22591',"""Evernote Team"" <team@emails.evernote.com>","Wed, 11 Oct 2017 13:11:41",help us improve evernote,1.0
495,b'22577',"""Forever 21"" <forever21@news.forever21.com>","Wed, 11 Oct 2017 07:53:57",f21 x taco bell\Â¦yummy!,1.0
496,b'22573',Yipit Chicago <e@yipit.com>,"Wed, 11 Oct 2017 09:08:41",great wines delivered to your door,1.0
497,b'22567',"""H&M Fashion News"" <no-reply@hm.com>","Wed, 11 Oct 2017 07:42:03",two words: further reductions,1.0
498,b'22565',"""L'Occitane en Provence"" <contact@contact.loccitane.com>","Wed, 11 Oct 2017 06:47:23","the secret to gorgeous-looking, satin-soft skin is\",1.0
499,b'22560',EstÂ©e Lauder Online <EsteeLauderOnline@e.esteelauder.com>,"Wed, 11 Oct 2017 04:05:45",total coverage. total confidence.,1.0
500,b'22553',"""Brooklyn Boulders Chicago"" <chicago@brooklynboulders.com>","Tue, 10 Oct 2017 19:24:26",devil's lake craggin' classic,1.0
501,b'22551',"""philosophy"" <philosophy@email.philosophy.com>","Tue, 10 Oct 2017 18:16:34", help us honor mental health day,1.0
502,b'22544',LANEIGE <support@us.laneige.com>,"Tue, 10 Oct 2017 16:19:25",rise and shine + brighten your routine\Ã¯Â¸,1.0
503,b'22543',"""Lyft"" <hello@lyftmail.com>","Tue, 10 Oct 2017 16:23:29",round up your fares and donate to chicago public schools,1.0
504,b'22541',"""Crate and Barrel"" <crateandbarrel@mail.crateandbarrel.com>","Tue, 10 Oct 2017 14:17:30",introducing: reese witherspoon + crate and barrel.,1.0
505,b'22540',"""GasBuddy.com"" <et-reply@GasBuddyEmail.com>","Tue, 10 Oct 2017 13:36:27",how far can you stretch an oil change?,1.0
506,b'22529',"""Patagonia"" <reply@email.patagonia.com>","Tue, 10 Oct 2017 11:18:46",supporting the people behind the product,1.0
507,b'22526',Yipit Chicago <e@yipit.com>,"Tue, 10 Oct 2017 10:55:15",incashmere,1.0
508,b'22518',"""katespade.com"" <katespade@em.katespade.com>","Tue, 10 Oct 2017 08:54:57",handbags that roar,1.0
509,b'22517',"""Forever 21"" <forever21@news.forever21.com>","Tue, 10 Oct 2017 07:45:50",get fall ready from $6!,1.0
510,b'22490',Amazon Marketplace <marketplace-messages@amazon.com>,"Mon, 09 Oct 2017 13:19:48","hsueh yi chen, will you rate your transaction at amazon.com?",1.0
511,b'22489',EstÂ©e Lauder Online <EsteeLauderOnline@e.esteelauder.com>,"Mon, 09 Oct 2017 13:03:58",how do you wear your lashes?,1.0
512,b'22470',EstÂ©e Lauder Online <EsteeLauderOnline@e.esteelauder.com>,"Mon, 09 Oct 2017 06:38:47",fall\s starting lineup,1.0
513,b'22452',"""GEICO"" <geico@email1.geico.com>","Sun, 08 Oct 2017 13:19:16",give geico a second look,1.0
514,b'22444',"""katespade.com"" <katespade@em.katespade.com>","Sun, 08 Oct 2017 08:22:05",just $119 for this cameron street crossbody. sweet!,1.0
515,b'22429',"""NORDSTROM RACK"" <nordstromrack@e.nordstromrack.com>","Sat, 07 Oct 2017 19:03:20",classics vs. styles with a twist,1.0
516,b'22425',"""CheapOair Weekly Deals"" <CheapOair@myCheapOair.com>","Sat, 07 Oct 2017 16:36:44", jaw-dropping fares from los angeles!,1.0
517,b'22417',"""EXPRESS NEXT"" <expressnext@e.express.com>","Sat, 07 Oct 2017 13:05:48",your september style summary is here,1.0
518,b'22416',"""KAYAK"" <news@kayak.com>","Sat, 07 Oct 2017 12:30:37","fall destinations under $300, trending cities & more.",1.0
519,b'22415',"""philosophy"" <philosophy@email.philosophy.com>","Sat, 07 Oct 2017 12:14:43"," the votes are in, meet our winners!",1.0
520,b'22412',Yipit Chicago <e@yipit.com>,"Sat, 07 Oct 2017 11:21:30",christian louboutin,1.0
521,b'22410',"""BroadwayBox Alerts"" <alerts@broadwaybox.com> ","Sat, 07 Oct 2017 11:11:33",all the broadway scoop you need!,1.0
522,b'22403',EstÂ©e Lauder Online <EsteeLauderOnline@e.esteelauder.com>,"Sat, 07 Oct 2017 09:14:03",be inspired: #pinkribbon25. estÃ£Â©e stories.,1.0
523,b'22390',"""philosophy"" <philosophy@email.philosophy.com>","Sat, 07 Oct 2017 03:16:17","when hope is not enough, we\ve got the solution",1.0
524,b'22374',FOREO <newsletter@foreo.com>,"Fri, 06 Oct 2017 13:41:36",feeling blue about bad skin? then try espada!,1.0
525,b'22371',"""Patagonia"" <reply@email.patagonia.com>","Fri, 06 Oct 2017 13:10:43",snow gear that stands up to childhood. guaranteed.,1.0
526,b'22357',"""Timberland.com"" <timberland@e.timberland.com>","Fri, 06 Oct 2017 09:06:04",greyed-out for fall.,1.0
527,b'22348',"""H&M Fashion News"" <no-reply@hm.com>","Fri, 06 Oct 2017 06:31:20",close the loop on denim,1.0
528,b'22336',TheaterMania <tminsider@theatermania.com>,"Thu, 05 Oct 2017 20:16:38",get a first look at ben platt on will & grace and tina fey,1.0
529,b'22326',"""Amazon.com"" <store-news@amazon.com>","Thu, 05 Oct 2017 16:08:38",listening to music just got easier,1.0
530,b'22321',""" Travel Wisconsin "" <Travel.Wisconsin@public.govdelivery.com>","Thu, 05 Oct 2017 15:05:24",fall color report: fall color flying into northern wisconsin,1.0
531,b'22316',Divvy Bikes <support@DivvyBikes.com>,"Thu, 05 Oct 2017 12:57:35",thanks for riding: your september divvy trip details,1.0
532,b'22314',Yipit Chicago <e@yipit.com>,"Thu, 05 Oct 2017 12:34:08",bcbgmaxzaria,1.0
533,b'22304',"""Forever 21"" <forever21@news.forever21.com>","Thu, 05 Oct 2017 07:47:55",21 & over\,1.0
534,b'22294',LANEIGE <support@us.laneige.com>,"Thu, 05 Oct 2017 06:19:25",a way to brighten your day,1.0
535,b'22291',"""L'Occitane en Provence"" <contact@contact.loccitane.com>","Thu, 05 Oct 2017 06:04:00",the fall beauty event starts in 3.. 2.. 1!,1.0
536,b'22278',Pandora <pandora@pandora.com>,"Wed, 04 Oct 2017 19:17:37",live event picks just for you,1.0
537,b'22272',LANEIGE <support@us.laneige.com>,"Wed, 04 Oct 2017 17:08:49",everyone needs a little luck,1.0
538,b'22270',"""philosophy"" <philosophy@email.philosophy.com>","Wed, 04 Oct 2017 15:06:55",we are touching  to heal minds,1.0
539,b'22259',Briant O. Mills <briant@millsinsgroup.com>,"Wed, 04 Oct 2017 11:11:49","the professional advice you need, the personal experience you want",1.0
540,b'22256',"""BroadwayBox Alerts"" <alerts@broadwaybox.com> ","Wed, 04 Oct 2017 10:05:15",nytimes on charm: \top 5 shows to see!\,1.0
541,b'22239',LANEIGE <support@us.laneige.com>,"Wed, 04 Oct 2017 06:19:25",gorgeous in the nick of time,1.0
542,b'22233',Apple <News_AUS_NZ@InsideApple.Apple.com>,"Wed, 04 Oct 2017 04:25:43",you haven\t seen anything like apple tv 4k.,1.0
543,b'22225',"""Brooklyn Boulders Chicago"" <chicago@brooklynboulders.com>","Tue, 03 Oct 2017 18:08:38",climbing + fitness edition,1.0
544,b'22220',"""AbeBooks.com"" <news@sender.abebooks.com>","Tue, 03 Oct 2017 15:07:21",abegives | you shop. we give.,1.0
545,b'22217',"""Target"" <targetnews@em.target.com>","Tue, 03 Oct 2017 12:55:19","find wall-to-wall savings on kitchen, storage & more.",1.0
546,b'22213',"""Patagonia"" <reply@email.patagonia.com>","Tue, 03 Oct 2017 11:45:17",fair trade fleece,1.0
547,b'22206',"""NORDSTROM RACK"" <nordstromrack@e.nordstromrack.com>","Tue, 03 Oct 2017 10:06:08",the barefoot dreams event: starting at $30,1.0
548,b'22192',LANEIGE <support@us.laneige.com>,"Tue, 03 Oct 2017 06:19:25",dearly beloved ,1.0
549,b'22191',"""Clinique Online"" <clinique@e.clinique.com>","Tue, 03 Oct 2017 06:19:59",a peek into clinique's future. look what's next!,1.0
550,b'22187',EstÂ©e Lauder Online <EsteeLauderOnline@e.esteelauder.com>,"Tue, 03 Oct 2017 04:04:11",all eyes on fall,1.0
551,b'22178',"""ALDO"" <aldoshoes@e.aldoshoes.com>","Mon, 02 Oct 2017 17:17:49",velvet revival,1.0
552,b'22177',LANEIGE <support@us.laneige.com>,"Mon, 02 Oct 2017 17:08:49",i love foundation that...,1.0
553,b'22146',EstÂ©e Lauder Online <EsteeLauderOnline@e.esteelauder.com>,"Mon, 02 Oct 2017 04:03:56",you time,1.0
554,b'22145',"""philosophy"" <philosophy@email.philosophy.com>","Mon, 02 Oct 2017 03:17:37","indulge gracefully, live gracefully",1.0
555,b'22141',LANEIGE <support@us.laneige.com>,"Sun, 01 Oct 2017 17:08:49",renew your skincare routine with laneige,1.0
